seed,difficulty,wave,isBoss,spawnCount,hpScale,bountyScale,waveHp,reward
2029,quiet,1,false,6,1.000,1.000,144,20
2029,quiet,2,false,11,1.150,1.075,339,21
2029,quiet,3,false,11,1.322,1.155,437,23
2029,quiet,4,false,9,1.521,1.241,642,25
2029,quiet,5,false,12,1.749,1.334,868,27
2029,quiet,6,false,15,2.011,1.434,936,29
2029,quiet,7,false,12,2.313,1.541,932,31
2029,quiet,8,false,11,2.660,1.657,1623,33
2029,quiet,9,false,14,3.059,1.780,1166,36
2029,quiet,10,true,10,3.518,1.913,7983,134
2029,quiet,11,false,11,4.046,2.057,5885,41
2029,quiet,12,false,12,4.652,2.210,2269,44
2029,quiet,13,false,11,5.350,2.376,7786,48
2029,quiet,14,false,11,6.153,2.553,3751,51
2029,quiet,15,false,14,7.076,2.744,2692,55
2029,quiet,16,false,14,8.137,2.949,3100,59
2029,quiet,17,false,12,9.358,3.170,3752,63
2029,quiet,18,false,15,10.761,3.407,4992,68
2029,quiet,19,false,22,12.375,3.661,7738,73
2029,quiet,20,true,11,14.232,3.935,54077,275
2029,quiet,21,false,18,16.367,4.229,14255,85
2029,quiet,22,false,12,18.822,4.546,9200,91
2029,quiet,23,false,18,21.645,4.886,21344,98
2029,quiet,24,false,22,24.891,5.251,15562,105
2029,quiet,25,false,15,28.625,5.643,13284,113
2029,quiet,26,false,11,32.919,6.065,47900,121
2029,quiet,27,false,11,37.857,6.519,19949,130
2029,quiet,28,false,11,43.535,7.006,26571,140
2029,quiet,29,false,14,50.066,7.530,19068,151
2029,quiet,30,true,12,57.575,8.093,306845,567
2029,quiet,31,false,22,66.212,8.698,41422,174
2029,quiet,32,false,11,76.144,9.348,110804,187
2029,quiet,33,false,11,87.565,10.047,46144,201
2029,quiet,34,false,13,100.700,10.799,235386,216
2029,quiet,35,false,18,115.805,11.606,100894,232
2029,quiet,36,false,22,133.176,12.474,110824,249
2029,quiet,37,false,18,153.152,13.406,151011,268
2029,quiet,38,false,11,176.125,14.409,107492,288
2029,quiet,39,false,14,202.543,15.486,77134,310
2029,quiet,40,true,12,232.925,16.644,1241371,1165
2029,quiet,41,false,11,267.864,17.888,141165,358
2029,quiet,42,false,22,308.043,19.225,192704,385
2029,quiet,43,false,22,354.250,20.663,294787,413
2029,quiet,44,false,11,407.387,22.208,248631,444
2029,quiet,45,false,12,468.495,23.868,228974,477
2029,quiet,46,false,11,538.769,25.653,784016,513
2029,quiet,47,false,18,619.585,27.571,539813,551
2029,quiet,48,false,12,712.522,29.632,285860,593
2029,quiet,49,false,18,819.401,31.847,807932,637
2029,quiet,50,true,12,942.311,34.229,5022046,2396
2029,quiet,51,false,14,1083.657,36.788,412658,736
2029,quiet,52,false,11,1246.206,39.538,1813480,791
2029,quiet,53,false,11,1433.137,42.494,755263,850
2029,quiet,54,false,12,1648.108,45.672,661220,913
2029,quiet,55,false,12,1895.324,49.086,926337,982
2029,quiet,56,false,11,2179.622,52.756,1330225,1055
2029,quiet,57,false,22,2506.566,56.701,2085836,1134
2029,quiet,58,false,22,2882.550,60.940,1803328,1219
2029,quiet,59,false,18,3314.933,65.496,3268519,1310
2029,quiet,60,true,12,3812.173,70.393,20316974,4928
